swElapsed,time_delta_s,alt_prev_m,alt_m,speed_prev_kph,speed_kph,vs_ms,vs_comp_ms,te_ms,te_b21_ms
0.9996,1.0000,723.2524,723.2524,95.611,95.611,-1.07, 0.00, 0.00,-1.07
1.0019,0.6667,723.2524,723.2524,95.611,95.611,-1.07, 0.00, 0.00,-1.07
0.9989,1.0000,723.2524,723.2524,95.611,95.611,-1.07, 0.00, 0.00,-1.07
1.0000,1.0000,723.2524,723.2524,95.611,95.611,-1.07, 0.00, 0.00,-1.07
0.9978,1.0000,723.2524,723.2524,95.611,95.611,-1.07, 0.00, 0.00,-1.07
1.0001,1.0000,723.2524,723.2524,95.611,95.611,-1.07, 0.00, 0.00,-1.07
0.9997,1.0000,723.2524,723.2524,95.611,95.611,-1.07, 0.00, 0.00,-1.07
1.0022,1.0000,723.2524,722.0704,95.611,96.492,-1.42, 0.66,-0.52,-0.75
0.9994,1.0000,722.0704,720.2493,96.492,98.111,-1.96, 1.23,-0.59,-0.73
1.0020,1.0000,720.2493,717.9938,98.111,100.208,-2.20, 1.63,-0.63,-0.57
0.9959,1.0000,717.9938,715.8090,100.208,102.143,-2.34, 1.53,-0.66,-0.81
1.0018,1.0000,715.8090,713.0258,102.143,104.691,-2.81, 2.06,-0.72,-0.75
0.9997,1.0000,713.0258,710.5243,104.691,106.846,-2.39, 1.78,-0.72,-0.61
1.0036,1.0000,710.5243,708.4784,106.846,108.349,-1.91, 1.27,-0.78,-0.65
0.9971,1.0000,708.4784,706.6844,108.349,109.553,-1.82, 1.03,-0.77,-0.79
1.0001,1.0000,706.6844,704.9000,109.553,110.683,-1.74, 0.98,-0.81,-0.77
0.9988,1.0000,704.9000,703.2428,110.683,111.499,-1.63, 0.71,-0.95,-0.92
1.0022,1.0000,703.2428,701.7064,111.499,112.273,-1.50, 0.68,-0.86,-0.82
0.9998,1.0000,701.7064,700.3437,112.273,112.942,-1.30, 0.59,-0.77,-0.72
1.0019,1.0000,700.3437,699.2379,112.942,113.148,-1.03, 0.18,-0.92,-0.85
0.9973,1.0000,699.2379,698.3977,113.148,113.087,-0.79,-0.05,-0.90,-0.84
0.9980,1.0000,698.3977,697.7109,113.087,112.950,-0.69,-0.12,-0.81,-0.81
1.0033,1.0000,697.7109,696.8318,112.950,113.020,-1.00, 0.06,-0.81,-0.94
0.9974,1.0000,696.8318,695.4333,113.020,113.754,-1.55, 0.65,-0.75,-0.89
1.0004,1.0000,695.4333,693.4775,113.754,114.971,-2.08, 1.09,-0.87,-0.99
0.9986,1.0000,693.4775,691.1827,114.971,116.546,-2.32, 1.43,-0.87,-0.89
1.0041,1.0000,691.1827,688.8685,116.546,118.302,-2.30, 1.62,-0.70,-0.68
0.9989,1.0000,688.8685,686.6450,118.302,119.610,-2.20, 1.22,-1.01,-0.98
0.9994,1.0000,686.6450,684.4564,119.610,120.381,-2.21, 0.72,-1.47,-1.49
1.0017,1.0000,684.4564,682.0169,120.381,121.786,-2.54, 1.33,-1.10,-1.20
0.9962,1.0000,682.0169,679.2116,121.786,123.401,-2.92, 1.55,-1.26,-1.37
1.0028,1.0000,679.2116,675.9177,123.401,125.531,-3.41, 2.08,-1.21,-1.33
0.9986,1.0000,675.9177,672.2925,125.531,128.309,-3.69, 2.76,-0.86,-0.93
0.9995,1.0000,672.2925,668.3123,128.309,131.317,-4.09, 3.06,-0.92,-1.03
1.0011,1.0000,668.3123,663.9689,131.317,134.279,-4.43, 3.08,-1.26,-1.35
1.0015,1.0000,663.9689,658.9959,134.279,137.492,-5.27, 3.42,-1.55,-1.85
0.9971,1.0000,658.9959,652.8342,137.492,141.448,-6.47, 4.33,-1.84,-2.14
1.0019,1.0000,652.8342,645.6305,141.448,145.987,-7.42, 5.11,-2.09,-2.31
0.9986,1.0000,645.6305,637.6754,145.987,151.063,-8.06, 5.91,-2.05,-2.15
0.9998,1.0000,637.6754,629.3556,151.063,156.178,-8.43, 6.16,-2.16,-2.27
0.9989,1.0000,629.3556,620.8702,156.178,161.136,-8.46, 6.17,-2.32,-2.29
1.0030,1.0000,620.8702,612.6623,161.136,165.588,-8.07, 5.70,-2.50,-2.36
1.0016,1.0000,612.6623,606.2803,165.588,167.961,-5.50, 3.11,-3.27,-2.40
0.9984,1.0000,606.2803,602.6039,167.961,168.806,-3.49, 1.12,-2.56,-2.37
0.9992,1.0000,602.6039,598.3908,168.806,169.645,-4.64, 1.11,-3.10,-3.53
0.9980,1.0000,598.3908,592.6135,169.645,171.787,-6.08, 2.87,-2.91,-3.22
1.0018,1.0000,592.6135,585.9947,171.787,174.007,-6.76, 3.01,-3.60,-3.75
1.0025,1.0000,585.9947,578.8581,174.007,176.571,-7.30, 3.53,-3.60,-3.77
0.9983,1.0000,578.8581,570.9076,176.571,179.669,-8.18, 4.33,-3.63,-3.85
0.9980,1.0000,570.9076,562.1856,179.669,183.141,-8.89, 4.94,-3.79,-3.94
1.0001,1.0000,562.1856,552.7903,183.141,187.181,-9.53, 5.87,-3.53,-3.66
1.0019,1.0000,552.7903,542.9585,187.181,191.008,-9.95, 5.68,-4.15,-4.27
0.9982,1.0000,542.9585,532.8289,191.008,194.773,-10.18, 5.70,-4.44,-4.48
0.9990,1.0000,532.8289,522.5220,194.773,198.267,-10.30, 5.39,-4.92,-4.91
1.0027,1.0000,522.5220,512.4434,198.267,201.130,-9.99, 4.49,-5.58,-5.51
0.9980,1.0000,512.4434,502.7613,201.130,203.723,-9.45, 4.12,-5.57,-5.33
0.9995,1.0000,502.7613,493.7863,203.723,205.954,-8.76, 3.59,-5.39,-5.17
1.0021,1.0000,493.7863,488.7313,205.954,206.126,-3.30, 0.28,-4.77,-3.02
0.9992,1.0000,488.7313,489.0778,206.126,202.539, 1.37,-5.75,-5.41,-4.39
1.0017,1.0000,489.0778,493.1201,202.539,197.062, 4.88,-8.59,-4.54,-3.71
0.9974,1.0000,493.1201,499.2406,197.062,189.880, 6.28,-10.90,-4.80,-4.63
0.9994,1.0000,499.2406,505.5509,189.880,182.546, 6.25,-10.72,-4.41,-4.47
1.0040,1.0000,505.5509,511.4537,182.546,175.651, 5.73,-9.69,-3.77,-3.96
0.9989,1.0000,511.4537,516.6701,175.651,169.287, 5.05,-8.61,-3.40,-3.56
0.9977,1.0000,516.6701,521.0755,169.287,163.982, 4.34,-6.93,-2.53,-2.59
1.0042,1.0000,521.0755,526.3966,163.982,157.807, 5.71,-7.79,-2.46,-2.08
0.9958,1.0000,526.3966,532.9688,157.807,149.995, 6.11,-9.43,-2.87,-3.32
1.0000,1.0000,532.9688,532.9230,149.995,148.054,-2.23,-2.27,-2.31,-4.50
1.0030,1.0000,532.9230,527.9383,148.054,150.631,-5.52, 3.02,-1.96,-2.50
0.9989,1.0000,527.9383,520.8134,150.631,154.927,-7.41, 5.15,-1.98,-2.26
1.0022,1.0000,520.8134,515.0276,154.927,157.840,-5.09, 3.57,-2.21,-1.51
0.9965,1.0000,515.0276,511.0188,157.840,159.245,-3.75, 1.75,-2.27,-2.00
0.9983,1.0000,511.0188,508.0134,159.245,159.444,-2.72, 0.25,-2.76,-2.47
1.0012,1.0000,508.0134,506.2005,159.444,159.152,-1.47,-0.36,-2.17,-1.83
0.9990,1.0000,506.2005,505.6083,159.152,157.614,-0.31,-1.91,-2.51,-2.22
1.0006,1.0000,505.6083,506.1413,157.614,155.654, 0.86,-2.41,-1.87,-1.55
1.0003,1.0000,506.1413,508.2064,155.654,151.910, 2.57,-4.52,-2.45,-1.95
0.9997,1.0000,508.2064,512.4528,151.910,146.525, 4.87,-6.30,-2.06,-1.43
1.0001,1.0000,512.4528,518.9649,146.525,138.972, 7.01,-8.45,-1.94,-1.45
1.0032,1.0000,518.9649,527.0008,138.972,130.797, 8.29,-8.64,-0.61,-0.35
1.0002,1.0000,527.0008,535.6936,130.797,120.743, 8.80,-9.91,-1.22,-1.10
0.9979,1.0000,535.6936,544.4638,120.743,109.607, 8.64,-10.05,-1.28,-1.41
0.9991,1.0000,544.4638,552.4501,109.607,98.698, 7.66,-8.90,-0.91,-1.24
0.9987,1.0000,552.4501,558.8724,98.698,89.544, 5.92,-6.74,-0.32,-0.82
1.0020,1.0000,558.8724,563.3369,89.544,82.496, 4.03,-4.74,-0.28,-0.72
1.0012,1.0000,563.3369,566.4820,82.496,77.465, 2.84,-3.15, 0.00,-0.31
0.9984,1.0000,566.4820,568.0727,77.465,74.500, 1.13,-1.76,-0.17,-0.64
1.0026,1.0000,568.0727,568.6049,74.500,73.235, 0.36,-0.73,-0.20,-0.37
0.9990,1.0000,568.6049,567.7776,73.235,74.300,-1.34, 0.61,-0.21,-0.73
0.9987,1.0000,567.7776,565.4097,74.300,77.763,-2.53, 2.06,-0.31,-0.47
1.0023,1.0000,565.4097,562.9024,77.763,81.454,-2.41, 2.30,-0.21,-0.11
0.9994,1.0000,562.9024,560.9893,81.454,84.171,-1.73, 1.76,-0.15, 0.03
1.0103,1.0000,560.9893,559.2793,84.171,86.431,-1.81, 1.51,-0.20,-0.30
1.0033,1.0000,559.2793,557.0651,86.431,89.155,-2.36, 1.87,-0.34,-0.49
1.0001,1.0556,557.0651,554.3137,89.155,92.470,-2.74, 2.23,-0.40,-0.51
1.0009,1.0000,554.3137,551.8618,92.470,95.202,-2.01, 2.01,-0.45, 0.00
1.0010,1.0000,551.8618,550.9117,95.202,96.031,-0.81, 0.62,-0.33,-0.19
0.9985,1.0000,550.9117,550.0798,96.031,96.585,-0.89, 0.42,-0.41,-0.47
1.0011,1.0000,550.0798,549.0429,96.585,97.209,-1.08, 0.47,-0.56,-0.61
0.9982,1.0000,549.0429,547.8234,97.209,98.079,-1.27, 0.66,-0.56,-0.60
0.9995,1.0000,547.8234,546.3094,98.079,99.429,-1.66, 1.04,-0.47,-0.62
1.0031,1.0000,546.3094,544.1729,99.429,101.521,-2.30, 1.65,-0.49,-0.65
1.0010,1.0000,544.1729,541.7477,101.521,103.722,-2.40, 1.77,-0.66,-0.63
0.9966,1.0000,541.7477,539.3029,103.722,105.806,-2.47, 1.71,-0.74,-0.76
0.9992,1.0000,539.3029,536.8889,105.806,108.058,-2.36, 1.89,-0.53,-0.48
1.0027,1.0000,536.8889,534.6886,108.058,110.052,-2.15, 1.70,-0.50,-0.44
1.0012,1.0000,534.6886,532.7012,110.052,111.391,-1.94, 1.16,-0.82,-0.78
0.9988,1.0000,532.7012,530.8588,111.391,112.703,-1.81, 1.15,-0.69,-0.66
1.0009,1.0000,530.8588,529.1694,112.703,114.288,-1.65, 1.41,-0.28,-0.24
0.9975,1.0000,529.1694,527.6554,114.288,115.019,-1.46, 0.66,-0.86,-0.80
1.0030,1.0000,527.6554,526.4429,115.019,115.210,-1.09, 0.17,-1.04,-0.92
0.9998,1.0000,526.4429,525.5974,115.210,115.175,-0.79,-0.03,-0.88,-0.82
0.9974,1.0000,525.5974,524.9167,115.175,114.709,-0.67,-0.42,-1.10,-1.09
0.9988,1.0000,524.9167,524.2564,114.709,113.925,-0.66,-0.70,-1.36,-1.36
1.0030,1.0000,524.2564,523.5850,113.925,113.733,-0.70,-0.17,-0.84,-0.87
1.0002,1.0000,523.5850,522.6866,113.733,113.701,-0.99,-0.03,-0.93,-1.02
0.9990,1.0000,522.6866,521.4517,113.701,114.074,-1.31, 0.33,-0.90,-0.98
0.9973,1.0000,521.4517,519.9764,114.074,114.994,-1.53, 0.83,-0.65,-0.71
1.0020,1.0000,519.9764,518.3133,114.994,115.939,-1.70, 0.86,-0.81,-0.84
0.9987,1.0000,518.3133,516.5473,115.939,116.785,-1.80, 0.77,-1.00,-1.02
1.0006,1.0000,516.5473,514.5407,116.785,117.722,-2.11, 0.86,-1.14,-1.25
1.0005,1.0000,514.5407,512.1764,117.722,118.879,-2.43, 1.07,-1.29,-1.36
1.0000,1.0000,512.1764,509.6449,118.879,119.983,-2.55, 1.03,-1.50,-1.51
1.0017,1.0000,509.6449,507.0455,119.983,121.309,-2.65, 1.25,-1.34,-1.40
0.9980,1.0000,507.0455,504.2422,121.309,122.998,-2.83, 1.62,-1.19,-1.21
0.9997,1.0000,504.2422,501.4142,122.998,124.627,-2.83, 1.58,-1.25,-1.24
1.0044,1.0000,501.4142,498.6002,124.627,126.209,-2.80, 1.55,-1.25,-1.25
0.9976,1.0000,498.6002,495.8874,126.209,127.592,-2.67, 1.38,-1.34,-1.29
1.0003,1.0000,495.8874,493.4145,127.592,128.665,-2.39, 1.08,-1.40,-1.31
0.9978,1.0000,493.4145,491.0540,128.665,129.904,-2.40, 1.26,-1.11,-1.15
0.9998,1.0000,491.0540,488.6634,129.904,130.810,-2.33, 0.93,-1.47,-1.40
0.9997,1.0000,488.6634,486.5299,130.810,131.299,-2.07, 0.50,-1.63,-1.57
1.0015,1.0000,486.5299,484.5883,131.299,131.618,-1.92, 0.33,-1.61,-1.59
0.9981,1.0000,484.5883,482.8484,131.618,131.362,-1.65,-0.26,-2.01,-1.91
0.9999,1.0000,482.8484,481.4438,131.362,131.038,-1.37,-0.33,-1.74,-1.71
1.0043,1.0000,481.4438,480.1005,131.038,130.876,-1.31,-0.17,-1.50,-1.48
0.9996,1.0000,480.1005,479.0113,130.876,130.552,-1.04,-0.33,-1.42,-1.37
0.9967,1.0000,479.0113,477.7538,130.552,130.522,-1.39,-0.03,-1.29,-1.42
1.0015,1.0000,477.7538,475.9786,130.522,130.782,-1.89, 0.27,-1.51,-1.62
1.0024,1.0000,475.9786,473.9008,130.782,131.235,-2.17, 0.47,-1.61,-1.71
0.9982,1.0000,473.9008,471.2091,131.235,132.336,-2.91, 1.14,-1.56,-1.77
0.9970,1.0000,471.2091,467.7621,132.336,134.150,-3.61, 1.90,-1.56,-1.71
1.0039,1.0000,467.7621,463.6937,134.150,136.423,-4.26, 2.41,-1.65,-1.85
0.9979,1.0000,463.6937,458.8369,136.423,139.402,-5.06, 3.22,-1.64,-1.84
1.0017,1.0000,458.8369,453.2326,139.402,142.810,-5.76, 3.77,-1.83,-1.99
0.9974,1.0000,453.2326,447.1166,142.810,146.442,-6.23, 4.12,-2.00,-2.11
1.0000,1.0000,447.1166,440.6251,146.442,150.226,-6.53, 4.40,-2.09,-2.12
1.0018,1.0000,440.6251,434.0895,150.226,154.037,-6.52, 4.55,-1.98,-1.98
0.9975,1.0000,434.0895,427.8192,154.037,157.317,-6.16, 4.01,-2.27,-2.15
1.0014,1.0000,427.8192,422.0668,157.317,159.981,-5.61, 3.32,-2.43,-2.29
1.0005,1.0000,422.0668,416.9584,159.981,161.882,-4.92, 2.40,-2.71,-2.52
0.9995,1.0000,416.9584,412.1445,161.882,163.461,-4.94, 2.01,-2.80,-2.92
1.0000,1.0000,412.1445,406.8178,163.461,165.261,-5.39, 2.32,-3.00,-3.07
1.0007,1.0000,406.8178,401.4917,165.261,167.535,-5.22, 2.97,-2.36,-2.25
1.0017,1.0000,401.4917,396.5135,167.535,169.131,-4.93, 2.11,-2.87,-2.82
0.9967,1.0000,396.5135,391.8018,169.131,170.352,-4.62, 1.63,-3.10,-3.00
1.0026,1.0000,391.8018,387.0133,170.352,171.218,-4.99, 1.16,-3.62,-3.83
0.9999,1.0000,387.0133,381.2445,171.218,172.786,-6.05, 2.12,-3.65,-3.93
0.9989,1.0000,381.2445,374.5979,172.786,175.222,-6.85, 3.32,-3.33,-3.53
1.0012,1.0000,374.5979,367.1701,175.222,178.173,-7.61, 4.09,-3.33,-3.52
0.9978,1.0000,367.1701,359.3370,178.173,181.296,-7.78, 4.40,-3.44,-3.38
1.0025,1.0000,359.3370,352.5822,181.296,183.591,-6.37, 3.28,-3.46,-3.08
0.9985,1.0000,352.5822,346.8932,183.591,184.672,-5.47, 1.56,-4.13,-3.91
1.0021,1.0000,346.8932,342.1099,184.672,185.143,-4.53, 0.68,-4.09,-3.85
0.9985,1.0000,342.1099,338.2397,185.143,184.758,-3.67,-0.56,-4.44,-4.22
0.9997,1.0000,338.2397,334.8651,184.758,184.597,-3.30,-0.23,-3.61,-3.53
0.9997,1.0000,334.8651,331.7698,184.597,184.360,-3.03,-0.34,-3.44,-3.37
0.9986,1.0000,331.7698,328.8336,184.360,183.221,-2.94,-1.64,-4.59,-4.58
1.0012,1.0000,328.8336,325.9482,183.221,182.849,-2.86,-0.53,-3.42,-3.39
1.0004,0.9444,325.9482,323.2947,182.849,181.983,-2.68,-1.31,-3.89,-3.99
1.0007,1.0555,323.2947,320.9523,181.983,181.510,-2.10,-0.64,-3.01,-2.74
0.9984,1.0000,320.9523,319.2292,181.510,179.228,-1.61,-3.23,-4.96,-4.83
1.0026,1.0000,319.2292,317.9842,179.228,177.502,-1.12,-2.42,-3.65,-3.54
0.9960,1.0000,317.9842,317.3298,177.502,175.463,-0.46,-2.82,-3.49,-3.28
1.0021,1.0000,317.3298,317.3636,175.463,173.571, 0.23,-2.59,-2.55,-2.36
1.0001,1.0000,317.3636,318.2161,173.571,170.622, 1.09,-3.98,-3.13,-2.90
1.0003,1.0000,318.2161,319.8797,170.622,167.115, 1.81,-4.65,-2.98,-2.84
0.9995,1.0000,319.8797,321.8628,167.115,162.839, 2.00,-5.53,-3.55,-3.54
0.9982,1.0000,321.8628,323.8431,162.839,159.394, 1.95,-4.35,-2.38,-2.40
1.0006,1.0000,323.8431,325.6272,159.394,156.057, 1.71,-4.13,-2.34,-2.42
1.0004,1.0000,325.6272,327.1018,156.057,153.276, 1.38,-3.37,-1.90,-1.99
1.0018,1.0000,327.1018,328.2714,153.276,150.152, 1.11,-3.72,-2.54,-2.61
0.9972,1.0000,328.2714,329.1578,150.152,147.990, 0.80,-2.53,-1.64,-1.72
1.0019,1.0000,329.1578,329.6424,147.990,145.948, 0.33,-2.35,-1.87,-2.03
0.9984,1.0000,329.6424,329.5574,145.948,144.162,-0.18,-2.03,-2.12,-2.21
0.9995,1.0000,329.5574,329.2314,144.162,142.955,-0.37,-1.36,-1.68,-1.73
1.0034,1.0000,329.2314,328.6003,142.955,141.492,-0.72,-1.63,-2.26,-2.35
0.9985,1.0000,328.6003,327.6968,141.492,140.931,-0.95,-0.62,-1.53,-1.57
0.9998,1.0000,327.6968,326.4405,140.931,140.727,-1.38,-0.22,-1.48,-1.60
0.9982,1.0000,326.4405,324.7011,140.727,140.435,-1.84,-0.32,-2.06,-2.16
1.0009,1.0000,324.7011,323.0083,140.435,140.537,-1.58, 0.11,-1.58,-1.47
0.9985,1.0000,323.0083,321.8511,140.537,140.076,-0.93,-0.51,-1.67,-1.44
1.0038,1.0000,321.8511,322.0244,140.076,138.217, 0.69,-2.03,-1.85,-1.34
0.9966,1.0000,322.0244,324.4012,138.217,135.021, 2.94,-3.42,-1.05,-0.49
0.9996,1.0000,324.4012,328.6208,135.021,129.748, 4.60,-5.47,-1.25,-0.87
1.0036,1.0000,328.6208,334.0656,129.748,123.338, 5.65,-6.36,-0.91,-0.70
0.9991,1.0000,334.0656,339.9820,123.338,115.393, 5.94,-7.43,-1.52,-1.49
0.9990,1.0000,339.9820,345.7446,115.393,107.490, 5.64,-6.90,-1.14,-1.26
0.9988,1.0000,345.7446,350.9211,107.490,100.328, 4.99,-5.83,-0.65,-0.84
1.0010,1.0000,350.9211,354.9363,100.328,94.300, 3.54,-4.59,-0.58,-1.05
1.0004,1.0000,354.9363,356.9100,94.300,90.570, 1.44,-2.70,-0.72,-1.26
0.9991,1.0000,356.9100,357.0675,90.570,88.676,-0.26,-1.33,-1.17,-1.59
1.0018,1.0000,357.0675,356.3006,88.676,88.436,-0.79,-0.17,-0.93,-0.95
0.9987,1.0000,356.3006,355.4126,88.436,88.548,-0.93, 0.08,-0.81,-0.85
0.9988,1.0000,355.4126,354.6347,88.548,88.844,-0.65, 0.20,-0.57,-0.44
1.0018,1.0000,354.6347,354.3720,88.844,88.372,-0.16,-0.33,-0.59,-0.49
0.9982,1.0000,354.3720,354.4977,88.372,87.181, 0.22,-0.82,-0.69,-0.59
1.0029,1.0000,354.4977,354.9743,87.181,85.691, 0.54,-1.01,-0.53,-0.47
1.0012,1.0000,354.9743,355.5865,85.691,84.413, 0.61,-0.85,-0.24,-0.24
0.9980,1.0000,355.5865,356.0723,84.413,83.337, 0.42,-0.71,-0.22,-0.28
1.0009,1.0000,356.0723,356.2932,83.337,82.510, 0.14,-0.54,-0.32,-0.40
0.9975,1.0000,356.2932,356.2209,82.510,81.633,-0.13,-0.56,-0.64,-0.69
1.0005,1.0000,356.2209,356.0744,81.633,81.211,-0.13,-0.27,-0.42,-0.40
1.0029,1.0000,356.0744,355.8882,81.211,81.031,-0.27,-0.11,-0.30,-0.39
0.9973,1.0000,355.8882,355.1334,81.031,81.712,-0.93, 0.43,-0.32,-0.50
1.0017,1.0000,355.1334,353.9474,81.712,82.959,-1.23, 0.80,-0.38,-0.42
0.9982,1.0000,353.9474,352.7452,82.959,84.119,-1.16, 0.76,-0.45,-0.40
0.9995,1.0000,352.7452,351.7856,84.119,84.866,-0.88, 0.49,-0.47,-0.39
0.9994,1.0000,351.7856,351.1252,84.866,85.363,-0.58, 0.33,-0.33,-0.25
1.0015,1.0000,351.1252,350.7815,85.363,85.605,-0.26, 0.16,-0.18,-0.10
1.0014,1.0000,350.7815,350.7579,85.605,85.177, 0.05,-0.29,-0.31,-0.24
0.9970,1.0000,350.7579,350.7857,85.177,84.401,-0.03,-0.51,-0.49,-0.54
1.0008,1.0000,350.7857,350.5418,84.401,84.038,-0.33,-0.24,-0.48,-0.57
1.0000,1.0000,350.5418,349.9123,84.038,84.407,-0.74, 0.24,-0.39,-0.50
1.0032,1.0000,349.9123,348.8450,84.407,85.501,-1.20, 0.73,-0.34,-0.47
0.9978,1.0000,348.8450,347.2993,85.501,87.274,-1.65, 1.20,-0.35,-0.46
1.0021,1.0000,347.2993,345.4208,87.274,89.214,-1.92, 1.34,-0.54,-0.58
0.9981,1.0000,345.4208,343.4608,89.214,91.048,-1.96, 1.29,-0.67,-0.67
0.9987,1.0000,343.4608,341.4995,91.048,92.906,-1.98, 1.34,-0.62,-0.64
0.9999,1.0000,341.4995,339.5794,92.906,94.906,-1.89, 1.47,-0.45,-0.42
1.0006,1.0000,339.5794,337.8542,94.906,96.333,-1.66, 1.07,-0.66,-0.59
1.0009,1.0000,337.8542,336.6247,96.333,96.881,-0.99, 0.41,-0.81,-0.57
0.9984,1.0000,336.6247,336.4603,96.881,96.309, 0.11,-0.43,-0.60,-0.32
1.0054,1.0000,336.4603,337.1908,96.309,94.621, 0.91,-1.26,-0.53,-0.35
0.9994,1.0000,337.1908,338.4801,94.621,92.467, 1.39,-1.58,-0.29,-0.18
0.9974,1.0000,338.4801,340.0441,92.467,89.615, 1.58,-2.03,-0.47,-0.45
0.9978,1.0000,340.0441,341.4549,89.615,86.942, 1.31,-1.85,-0.44,-0.54
1.0010,1.0000,341.4549,342.3220,86.942,85.086, 0.68,-1.25,-0.38,-0.57
0.9989,1.0000,342.3220,342.3719,85.086,84.325,-0.19,-0.50,-0.45,-0.69
1.0050,1.0000,342.3719,341.4978,84.325,84.810,-1.12, 0.32,-0.55,-0.80
0.9955,1.0000,341.4978,339.7698,84.810,86.421,-1.84, 1.08,-0.65,-0.76
1.0025,1.0000,339.7698,338.0702,86.421,87.940,-1.61, 1.04,-0.66,-0.57
0.9978,1.0000,338.0702,336.8874,87.940,88.713,-0.96, 0.53,-0.65,-0.42
1.0014,1.0000,336.8874,336.5816,88.713,88.348,-0.09,-0.25,-0.56,-0.35
1.0011,1.0000,336.5816,337.1098,88.348,86.732, 0.74,-1.11,-0.58,-0.37
1.0007,1.0000,337.1098,338.3448,86.732,84.025, 1.39,-1.81,-0.57,-0.42
0.9993,1.0000,338.3448,340.0237,84.025,80.806, 1.74,-2.07,-0.40,-0.33
0.9996,1.0000,340.0237,341.7288,80.806,77.709, 1.63,-1.92,-0.21,-0.29
0.9972,1.0000,341.7288,342.9221,77.709,75.218, 1.00,-1.49,-0.30,-0.49
1.0026,1.0000,342.9221,343.3949,75.218,73.787, 0.30,-0.83,-0.36,-0.54
0.9981,1.0000,343.3949,343.2550,73.787,73.304,-0.26,-0.28,-0.42,-0.54
1.0005,1.0000,343.2550,342.7737,73.304,73.413,-0.53, 0.06,-0.42,-0.47
1.0011,1.0000,342.7737,342.1963,73.413,73.859,-0.59, 0.26,-0.32,-0.34
0.9971,1.0000,342.1963,341.5394,73.859,74.353,-0.67, 0.29,-0.37,-0.38
1.0045,1.0000,341.5394,340.9020,74.353,74.719,-0.61, 0.21,-0.42,-0.40
0.9956,1.0000,340.9020,340.3990,74.719,74.867,-0.45, 0.09,-0.42,-0.36
1.0001,1.0000,340.3990,340.0910,74.867,74.383,-0.25,-0.28,-0.59,-0.54
1.0032,1.0000,340.0910,340.1029,74.383,73.637, 0.11,-0.43,-0.42,-0.32
0.9998,1.0000,340.1029,340.3768,73.637,72.493, 0.30,-0.65,-0.38,-0.35
1.0002,1.0000,340.3768,340.6930,72.493,71.435, 0.30,-0.59,-0.28,-0.30
0.9976,1.0000,340.6930,340.9313,71.435,70.689, 0.23,-0.41,-0.18,-0.19
1.0006,1.0000,340.9313,341.0318,70.689,70.023, 0.04,-0.37,-0.27,-0.33
1.0006,1.0000,341.0318,340.9641,70.023,69.601,-0.09,-0.23,-0.30,-0.32
0.9974,1.0000,340.9641,340.8260,69.601,69.419,-0.14,-0.10,-0.24,-0.24
1.0016,1.0000,340.8260,340.6864,69.419,69.286,-0.13,-0.07,-0.21,-0.21
1.0000,1.0000,340.6864,340.5931,69.286,69.024,-0.07,-0.14,-0.24,-0.21
1.0001,1.0000,340.5931,340.5944,69.024,68.503, 0.03,-0.28,-0.28,-0.25
0.9997,1.0000,340.5944,340.6763,68.503,67.764, 0.09,-0.39,-0.31,-0.30
1.0024,1.0000,340.6763,340.7505,67.764,67.021, 0.06,-0.39,-0.32,-0.33
0.9992,1.0000,340.7505,340.7811,67.021,66.383, 0.01,-0.33,-0.30,-0.32
1.0004,1.0000,340.7811,340.7578,66.383,65.868,-0.03,-0.27,-0.29,-0.29
0.9978,1.0000,340.7578,340.7521,65.868,65.469, 0.01,-0.20,-0.21,-0.19
1.0011,1.0000,340.7521,340.8415,65.469,65.017, 0.12,-0.23,-0.14,-0.11
1.0003,1.0000,340.8415,341.0254,65.017,64.446, 0.19,-0.29,-0.10,-0.10
1.0009,1.0000,341.0254,341.2095,64.446,63.813, 0.18,-0.32,-0.13,-0.14
0.9965,1.0000,341.2095,341.3530,63.813,63.117, 0.13,-0.34,-0.20,-0.22
1.0029,1.0000,341.3530,341.4294,63.117,62.481, 0.06,-0.31,-0.23,-0.26
0.9984,1.0000,341.4294,341.4009,62.481,62.095,-0.07,-0.19,-0.22,-0.26
1.0005,1.0000,341.4009,341.2099,62.095,61.996,-0.23,-0.05,-0.24,-0.28
1.0006,1.0000,341.2099,340.9134,61.996,62.072,-0.29, 0.04,-0.26,-0.25
1.0001,1.0000,340.9134,340.7176,62.072,61.901,-0.15,-0.08,-0.28,-0.23
1.0010,1.0000,340.7176,340.6860,61.901,61.413, 0.01,-0.23,-0.27,-0.23
0.9980,1.0000,340.6860,340.7486,61.413,60.810, 0.07,-0.29,-0.23,-0.22
1.0004,1.0000,340.7486,340.7971,60.810,60.296, 0.03,-0.24,-0.19,-0.21
0.9999,1.0000,340.7971,340.7609,60.296,59.940,-0.05,-0.17,-0.20,-0.22
0.9995,1.0000,340.7609,340.7146,59.940,59.624,-0.03,-0.15,-0.19,-0.17
1.0006,1.0000,340.7146,340.7295,59.624,59.463, 0.02,-0.08,-0.06,-0.05
0.9997,1.0000,340.7295,340.7531,59.463,59.281, 0.03,-0.08,-0.06,-0.05
1.0018,1.0000,340.7531,340.8583,59.281,58.984, 0.14,-0.14,-0.03, 0.00
1.0006,1.0000,340.8583,341.0957,58.984,58.525, 0.27,-0.21, 0.03, 0.06
0.9963,1.0000,341.0957,341.3658,58.525,58.169, 0.24,-0.16, 0.11, 0.08
1.0028,1.0000,341.3658,341.4556,58.169,58.175, 0.02, 0.00, 0.09, 0.03
0.9974,1.0000,341.4556,341.2925,58.175,58.590,-0.23, 0.19, 0.03,-0.04
1.0007,1.0000,341.2925,340.9156,58.590,59.279,-0.42, 0.32,-0.06,-0.10
1.0026,1.0000,340.9156,340.4205,59.279,60.049,-0.51, 0.36,-0.14,-0.15
0.9982,1.0000,340.4205,339.9394,60.049,60.670,-0.46, 0.29,-0.19,-0.17
0.9991,1.0000,339.9394,339.5493,60.670,61.131,-0.38, 0.22,-0.17,-0.16
1.0008,1.0000,339.5493,339.1529,61.131,61.542,-0.41, 0.20,-0.20,-0.21
0.9998,1.0000,339.1529,338.7490,61.542,62.011,-0.39, 0.23,-0.18,-0.17
1.0006,1.0000,338.7490,338.4210,62.011,62.343,-0.30, 0.16,-0.17,-0.14
0.9994,1.0000,338.4210,338.1698,62.343,62.479,-0.25, 0.07,-0.19,-0.19
1.0012,1.0000,338.1698,337.8548,62.479,62.611,-0.35, 0.06,-0.25,-0.28
1.0005,1.0000,337.8548,337.4008,62.611,63.303,-0.49, 0.34,-0.11,-0.15
0.9974,1.0000,337.4008,336.8813,63.303,64.289,-0.51, 0.49,-0.03,-0.02
1.0008,1.0000,336.8813,336.4399,64.289,65.277,-0.40, 0.50, 0.06, 0.10
1.0002,1.0000,336.4399,336.1826,65.277,65.811,-0.22, 0.27, 0.02, 0.05
1.0001,1.0000,336.1826,335.9914,65.811,65.987,-0.19, 0.09,-0.10,-0.10
1.0028,1.0000,335.9914,335.8068,65.987,66.034,-0.19, 0.02,-0.16,-0.16
0.9989,1.0000,335.8068,335.5632,66.034,66.121,-0.27, 0.04,-0.20,-0.23
0.9994,1.0000,335.5632,335.2196,66.121,66.347,-0.37, 0.12,-0.23,-0.25
0.9992,1.0000,335.2196,334.7636,66.347,66.817,-0.49, 0.24,-0.21,-0.25
0.9995,1.0000,334.7636,334.1370,66.817,67.459,-0.67, 0.34,-0.29,-0.33
0.9998,1.0000,334.1370,333.4487,67.459,68.121,-0.68, 0.35,-0.34,-0.32
0.9997,1.0000,333.4487,332.8567,68.121,68.673,-0.55, 0.29,-0.30,-0.26
1.0008,1.0000,332.8567,332.3947,68.673,69.141,-0.46, 0.25,-0.21,-0.21
1.0000,1.0000,332.3947,331.8130,69.141,69.708,-0.65, 0.31,-0.27,-0.34
1.0008,1.0000,331.8130,330.9042,69.708,70.801,-1.01, 0.60,-0.31,-0.41
1.0001,1.0000,330.9042,329.6795,70.801,72.323,-1.25, 0.85,-0.37,-0.40
0.9994,1.0000,329.6795,328.6264,72.323,73.534,-0.92, 0.69,-0.36,-0.23
1.0001,1.0000,328.6264,328.2051,73.534,73.676,-0.25, 0.08,-0.34,-0.16
0.9989,1.0000,328.2051,328.1928,73.676,72.921, 0.00,-0.43,-0.45,-0.43
1.0024,1.0000,328.1928,328.1017,72.921,72.023,-0.14,-0.51,-0.60,-0.65
0.9999,1.0000,328.1017,327.7889,72.023,71.899,-0.39,-0.07,-0.38,-0.46
1.0011,1.0000,327.7889,327.1866,71.899,72.508,-0.66, 0.34,-0.26,-0.32
0.9964,1.0000,327.1866,326.4010,72.508,73.672,-0.84, 0.66,-0.12,-0.18
1.0040,1.0000,326.4010,325.3433,73.672,75.145,-1.13, 0.86,-0.20,-0.28
0.9979,1.0000,325.3433,324.1300,75.145,76.807,-1.21, 0.99,-0.23,-0.22
0.9979,1.0000,324.1300,322.9726,76.807,78.296,-1.12, 0.90,-0.26,-0.22
1.0015,1.0000,322.9726,322.0635,78.296,79.366,-0.81, 0.66,-0.25,-0.15
0.9992,1.0000,322.0635,321.5239,79.366,79.769,-0.49, 0.25,-0.29,-0.24
1.0004,1.0000,321.5239,321.1269,79.769,79.662,-0.37,-0.07,-0.46,-0.44
1.0010,1.0000,321.1269,320.8273,79.662,79.034,-0.28,-0.39,-0.69,-0.67
0.9987,1.0000,320.8273,320.6007,79.034,78.536,-0.22,-0.31,-0.53,-0.52
1.0005,1.0000,320.6007,320.3260,78.536,78.432,-0.31,-0.06,-0.34,-0.38
0.9983,1.0000,320.3260,319.8424,78.432,78.709,-0.55, 0.17,-0.31,-0.38
1.0016,1.0000,319.8424,319.1580,78.709,78.735,-0.70, 0.02,-0.67,-0.69
0.9993,1.0000,319.1580,318.4223,78.735,79.007,-0.76, 0.17,-0.57,-0.59
1.0008,1.0000,318.4223,317.6312,79.007,79.954,-0.79, 0.59,-0.20,-0.20
0.9997,1.0000,317.6312,316.8611,79.954,80.873,-0.77, 0.58,-0.19,-0.20
0.9993,1.0000,316.8611,315.9420,80.873,81.836,-1.02, 0.61,-0.31,-0.41
1.0007,1.0000,315.9420,314.6369,81.836,83.085,-1.35, 0.81,-0.50,-0.55
0.9992,1.0000,314.6369,313.3244,83.085,84.209,-1.28, 0.74,-0.58,-0.55
1.0015,1.0000,313.3244,311.9862,84.209,85.721,-1.39, 1.00,-0.33,-0.39
0.9992,1.0000,311.9862,310.4563,85.721,87.636,-1.56, 1.30,-0.23,-0.26
0.9996,1.0000,310.4563,308.9043,87.636,88.961,-1.53, 0.92,-0.64,-0.61
0.9996,1.0000,308.9043,307.4473,88.961,89.995,-1.39, 0.72,-0.73,-0.67
0.9996,1.0000,307.4473,306.3652,89.995,90.616,-0.96, 0.44,-0.64,-0.52
1.0014,1.0000,306.3652,305.7953,90.616,90.735,-0.42, 0.08,-0.48,-0.34
0.9998,1.0000,305.7953,305.6296,90.735,90.221,-0.16,-0.36,-0.53,-0.52
0.9996,1.0000,305.6296,305.3307,90.221,89.849,-0.37,-0.26,-0.56,-0.63
1.0004,1.0000,305.3307,304.7777,89.849,90.111,-0.62, 0.18,-0.37,-0.43
0.9995,1.0000,304.7777,303.9826,90.111,90.865,-0.86, 0.53,-0.26,-0.32
1.0017,1.0000,303.9826,302.9532,90.865,91.544,-1.10, 0.48,-0.54,-0.61
0.9986,1.0000,302.9532,301.6780,91.544,92.304,-1.31, 0.55,-0.73,-0.77
1.0003,1.0000,301.6780,300.3565,92.304,93.227,-1.31, 0.67,-0.65,-0.64
0.9990,1.0000,300.3565,299.1215,93.227,93.785,-1.20, 0.41,-0.83,-0.79
1.0010,1.0000,299.1215,298.0377,93.785,94.004,-1.03, 0.16,-0.92,-0.87
1.0005,1.0000,298.0377,297.1583,94.004,93.754,-0.82,-0.18,-1.06,-1.00
1.0032,1.0000,297.1583,296.6154,93.754,93.856,-0.42, 0.08,-0.47,-0.34
0.9955,1.0000,296.6154,296.3919,93.856,93.596,-0.23,-0.19,-0.42,-0.42
1.0020,1.0000,296.3919,296.0427,93.596,93.507,-0.41,-0.07,-0.41,-0.47
0.9980,1.0000,296.0427,295.4476,93.507,93.796,-0.66, 0.21,-0.38,-0.44
1.0002,1.0000,295.4476,294.5774,93.796,94.561,-0.99, 0.56,-0.31,-0.43
0.9994,1.0000,294.5774,293.1490,94.561,95.818,-1.58, 0.94,-0.49,-0.64
1.0038,1.0000,293.1490,291.3168,95.818,97.121,-1.86, 0.98,-0.84,-0.88
1.0001,1.0000,291.3168,289.4993,97.121,98.284,-1.78, 0.89,-0.93,-0.89
0.9979,1.0000,289.4993,287.9243,98.284,99.279,-1.48, 0.77,-0.81,-0.71
0.9995,1.0000,287.9243,286.6819,99.279,99.803,-1.19, 0.41,-0.83,-0.78
0.9986,1.0000,286.6819,285.5408,99.803,99.993,-1.13, 0.15,-0.99,-0.98
1.0015,1.0000,285.5408,284.5063,99.993,100.345,-1.00, 0.28,-0.76,-0.72
1.0003,1.0000,284.5063,283.5288,100.345,101.303,-1.00, 0.76,-0.22,-0.24
1.0000,1.0000,283.5288,282.4702,101.303,101.979,-1.07, 0.54,-0.52,-0.53
1.0005,1.0000,282.4702,281.1607,101.979,102.925,-1.46, 0.76,-0.55,-0.70
0.9978,1.0000,281.1607,279.2608,102.925,104.364,-2.01, 1.17,-0.73,-0.85
1.0032,1.0000,279.2608,277.2591,104.364,105.994,-1.91, 1.34,-0.66,-0.56
0.9977,1.0000,277.2591,275.5844,105.994,106.955,-1.63, 0.80,-0.88,-0.83
1.0006,1.0000,275.5844,273.9710,106.955,107.411,-1.63, 0.38,-1.23,-1.25
1.0013,1.0000,273.9710,272.4119,107.411,108.333,-1.50, 0.78,-0.78,-0.72
0.9979,1.0000,272.4119,271.1274,108.333,109.162,-1.19, 0.71,-0.58,-0.49
0.9997,1.0000,271.1274,270.0130,109.162,109.876,-1.12, 0.61,-0.50,-0.50
1.0026,1.0000,270.0130,268.9875,109.876,110.264,-0.99, 0.33,-0.69,-0.65
0.9989,1.0000,268.9875,268.1780,110.264,110.324,-0.73, 0.05,-0.76,-0.68
0.9984,1.0000,268.1780,267.5797,110.324,110.491,-0.58, 0.14,-0.45,-0.43
1.0012,1.0000,267.5797,267.0567,110.491,110.140,-0.49,-0.30,-0.83,-0.79
1.0014,1.0000,267.0567,266.6606,110.140,109.750,-0.37,-0.34,-0.73,-0.70
1.0012,1.0000,266.6606,266.3555,109.750,109.773,-0.28, 0.02,-0.28,-0.26
0.9977,1.0000,266.3555,266.0320,109.773,109.462,-0.29,-0.27,-0.59,-0.56
1.0001,1.0000,266.0320,266.1693,109.462,108.060, 0.31,-1.19,-1.06,-0.89
0.9998,1.0000,266.1693,266.7449,108.060,106.884, 0.63,-0.99,-0.41,-0.36
1.0020,1.0000,266.7449,267.5261,106.884,105.070, 0.85,-1.51,-0.72,-0.66
0.9960,1.0000,267.5261,268.4836,105.070,102.977, 0.97,-1.70,-0.75,-0.74
1.0012,1.0000,268.4836,269.3705,102.977,101.261, 0.83,-1.37,-0.48,-0.54
1.0034,1.0000,269.3705,270.0712,101.261,99.966, 0.66,-1.02,-0.32,-0.36
0.9971,1.0000,270.0712,270.7969,99.966,98.388, 0.81,-1.23,-0.50,-0.42
0.9987,1.0000,270.7969,271.8269,98.388,96.739, 1.08,-1.26,-0.23,-0.18
1.0020,1.0000,271.8269,272.9179,96.739,94.756, 1.08,-1.49,-0.39,-0.40
0.9983,1.0000,272.9179,273.9569,94.756,92.677, 1.03,-1.52,-0.49,-0.50
1.0019,1.0000,273.9569,274.9954,92.677,90.451, 1.05,-1.60,-0.56,-0.54
0.9987,1.0000,274.9954,276.0283,90.451,88.335, 1.01,-1.48,-0.45,-0.47
1.0020,1.0000,276.0283,276.9302,88.335,86.475, 0.87,-1.27,-0.37,-0.40
0.9993,1.0000,276.9302,277.7895,86.475,84.895, 0.86,-1.06,-0.20,-0.20
0.9974,1.0000,277.7895,278.6201,84.895,83.305, 0.81,-1.05,-0.22,-0.23
1.0021,1.0000,278.6201,279.4143,83.305,81.760, 0.80,-1.00,-0.20,-0.20
1.0005,1.0000,279.4143,280.2326,81.760,80.397, 0.81,-0.86,-0.05,-0.05
0.9985,1.0000,280.2326,280.9832,80.397,78.901, 0.71,-0.93,-0.18,-0.22
0.9991,1.0000,280.9832,281.5557,78.901,77.488, 0.52,-0.86,-0.29,-0.34
1.0010,1.0000,281.5557,281.9734,77.488,76.359, 0.38,-0.68,-0.26,-0.30
1.0021,1.0000,281.9734,282.2611,76.359,75.472, 0.26,-0.53,-0.24,-0.26
0.9972,1.0000,282.2611,282.5763,75.472,74.526, 0.36,-0.55,-0.24,-0.20
1.0013,1.0000,282.5763,283.0780,74.526,73.033, 0.55,-0.86,-0.36,-0.31
1.0018,1.0000,283.0780,283.7116,73.033,71.356, 0.64,-0.95,-0.31,-0.31
0.9976,1.0000,283.7116,284.2943,71.356,69.916, 0.55,-0.79,-0.21,-0.24
0.9987,1.0000,284.2943,284.7424,69.916,68.904, 0.41,-0.55,-0.10,-0.14
1.0016,1.0000,284.7424,285.0211,68.904,68.248, 0.25,-0.35,-0.07,-0.10
1.0009,1.0000,285.0211,285.2748,68.248,67.723, 0.26,-0.28,-0.02,-0.02
0.9980,1.0000,285.2748,285.5553,67.723,67.150, 0.30,-0.30,-0.02, 0.00
1.0001,1.0000,285.5553,285.9385,67.150,66.398, 0.41,-0.39,-0.01, 0.02
1.0028,1.0000,285.9385,286.3851,66.398,65.611, 0.44,-0.41, 0.04, 0.04
0.9970,1.0000,286.3851,286.7403,65.611,64.988, 0.31,-0.32, 0.04,-0.01
1.0033,1.0000,286.7403,286.8947,64.988,64.571, 0.09,-0.21,-0.06,-0.12
0.9962,1.0000,286.8947,286.7298,64.571,64.567,-0.26, 0.00,-0.17,-0.27
1.0039,1.0000,286.7298,286.2099,64.567,65.210,-0.60, 0.33,-0.19,-0.27
0.9981,1.0000,286.2099,285.3557,65.210,66.519,-0.96, 0.67,-0.18,-0.28
0.9999,1.0000,285.3557,284.0845,66.519,68.361,-1.39, 0.97,-0.30,-0.41
1.0004,1.0000,284.0845,282.4121,68.361,70.563,-1.73, 1.19,-0.48,-0.54
0.9985,1.0000,282.4121,280.8029,70.563,72.656,-1.51, 1.17,-0.44,-0.34
1.0004,1.0000,280.8029,279.5854,72.656,74.119,-1.12, 0.84,-0.38,-0.28
0.9988,1.0000,279.5854,278.7065,74.119,75.047,-0.78, 0.54,-0.34,-0.24
1.0057,1.0000,278.7065,278.2482,75.047,75.417,-0.36, 0.22,-0.24,-0.14
0.9954,1.0000,278.2482,278.1341,75.417,75.454,-0.06, 0.02,-0.09,-0.04
1.0015,1.0000,278.1341,277.5989,75.454,76.175,-0.82, 0.43,-0.11,-0.39
0.9993,1.0000,277.5989,275.9991,76.175,78.413,-1.85, 1.35,-0.25,-0.50
0.9981,1.0000,275.9991,273.8147,78.413,81.415,-2.20, 1.88,-0.31,-0.32
1.0007,1.0000,273.8147,272.0469,81.415,83.946,-1.46, 1.64,-0.13, 0.18
1.0041,1.0000,272.0469,271.5586,83.946,84.509,-0.19, 0.37,-0.12, 0.18
0.9986,1.0000,271.5586,272.0859,84.509,83.288, 0.74,-0.80,-0.27,-0.06
1.0013,1.0000,272.0859,272.7731,83.288,81.571, 0.50,-1.11,-0.42,-0.61
0.9978,1.0000,272.7731,272.5221,81.571,81.239,-0.55,-0.21,-0.46,-0.76
0.9985,1.0000,272.5221,271.0488,81.239,82.968,-1.81, 1.11,-0.36,-0.70
1.0007,1.0000,271.0488,268.3050,82.968,86.613,-3.06, 2.42,-0.33,-0.64
1.0012,1.0000,268.3050,264.5093,86.613,91.512,-3.93, 3.41,-0.38,-0.52
0.9996,1.0000,264.5093,260.9286,91.512,95.567,-3.42, 2.97,-0.61,-0.45
1.0016,1.0000,260.9286,257.6394,95.567,98.736,-3.33, 2.41,-0.88,-0.92
1.0012,1.0000,257.6394,254.4207,98.736,101.538,-3.08, 2.20,-1.02,-0.88
0.9962,1.0000,254.4207,251.8607,101.538,103.537,-2.36, 1.61,-0.96,-0.75
0.9998,1.0000,251.8607,250.1613,103.537,104.461,-1.44, 0.75,-0.95,-0.69
1.0035,1.0000,250.1613,249.5912,104.461,104.017,-0.24,-0.36,-0.93,-0.60
0.9966,1.0000,249.5912,250.2223,104.017,102.408, 0.89,-1.30,-0.67,-0.41
0.9989,1.0000,250.2223,251.7015,102.408,99.801, 1.65,-2.06,-0.59,-0.41
1.0004,1.0000,251.7015,253.7589,99.801,96.273, 2.14,-2.71,-0.65,-0.57
1.0018,1.0000,253.7589,255.9290,96.273,92.578, 2.14,-2.73,-0.56,-0.59
0.9990,1.0000,255.9290,257.7395,92.578,89.200, 1.65,-2.40,-0.59,-0.75
0.9996,1.0000,257.7395,258.8555,89.200,86.730, 0.89,-1.70,-0.58,-0.81
1.0015,1.0000,258.8555,259.0235,86.730,85.800,-0.11,-0.63,-0.46,-0.73
1.0014,1.0000,259.0235,258.1571,85.800,86.200,-1.08, 0.27,-0.60,-0.81
0.9972,1.0000,258.1571,256.7891,86.200,87.289,-1.47, 0.74,-0.63,-0.73
1.0010,1.0000,256.7891,254.8932,87.289,89.181,-2.05, 1.31,-0.59,-0.75
1.0029,1.0000,254.8932,252.4311,89.181,91.936,-2.60, 1.95,-0.51,-0.65
0.9964,1.0000,252.4311,249.4100,91.936,95.305,-3.15, 2.47,-0.55,-0.68
0.9987,1.0000,249.4100,246.0040,95.305,98.710,-3.46, 2.59,-0.82,-0.88
1.0014,1.0000,246.0040,242.5150,98.710,102.017,-3.49, 2.60,-0.89,-0.90
1.0003,1.0000,242.5150,238.7317,102.017,105.804,-3.93, 3.08,-0.70,-0.85
1.0030,1.0000,238.7317,234.5876,105.804,110.137,-4.14, 3.66,-0.48,-0.48
0.9966,1.0000,234.5876,230.6656,110.137,113.710,-3.79, 3.13,-0.79,-0.66
1.0024,1.0000,230.6656,227.3975,113.710,115.993,-3.04, 2.05,-1.21,-0.99
1.0002,1.0000,227.3975,225.1408,115.993,117.383,-1.95, 1.27,-0.99,-0.68
0.9972,1.0000,225.1408,224.1379,117.383,117.070,-0.66,-0.29,-1.29,-0.95
0.9991,1.0000,224.1379,224.4037,117.070,115.056, 0.58,-1.83,-1.57,-1.26
1.0034,1.0000,224.4037,225.8104,115.056,112.667, 1.67,-2.13,-0.72,-0.46
0.9997,1.0000,225.8104,228.0234,112.667,109.211, 2.34,-3.00,-0.79,-0.66
0.9999,1.0000,228.0234,230.5779,109.211,105.210, 2.60,-3.36,-0.81,-0.76
0.9987,1.0000,230.5779,231.1080,105.210,104.354, 2.62,-0.70,-0.17, 1.92
1.0008,1.0000,231.1080,231.1080,104.354,104.354, 2.62, 0.00, 0.00, 2.62
0.9990,1.0000,231.1080,231.1080,104.354,104.354, 2.62, 0.00, 0.00, 2.62
1.0017,0.9444,231.1080,231.1080,104.354,104.354, 2.62, 0.00, 0.00, 2.62

